actor,benefactor,self-act,total-act,self-ratio
scholar,scholar,1,56,0.02
collection,collection,1,43,0.02
machine,machine,1,56,0.02
gouty,gouty,2,71,0.03
instrument,instrument,1,33,0.03
presence,presence,1,35,0.03
instant,instant,1,33,0.03
length,length,1,32,0.03
wonder,wonder,2,49,0.04
high,high,1,28,0.04
billet,billet,1,23,0.04
pomfret,pomfret,1,25,0.04
learning,learning,1,28,0.04
narrative,narrative,1,27,0.04
key,key,1,27,0.04
freelivers,freelivers,1,24,0.04
remorse,remorse,5,91,0.05
excuse,excuse,3,59,0.05
shame,shame,2,42,0.05
inexperience,inexperience,2,39,0.05
shakespeare,shakespeare,2,41,0.05
minute,minute,1,19,0.05
good,good,1,22,0.05
hadst,hadst,1,20,0.05
ay,ay,1,22,0.05
shouldst,shouldst,1,19,0.05
solicitude,solicitude,1,19,0.05
leave,leave,1,19,0.05
testament,testament,1,22,0.05
potion,potion,1,19,0.05
diversion,diversion,1,22,0.05
speaker,speaker,1,20,0.05
closet,closet,3,50,0.06
punctilio,punctilio,3,53,0.06
habitation,habitation,2,33,0.06
work,work,2,33,0.06
stair,stair,2,35,0.06
credit,credit,2,36,0.06
object,object,2,33,0.06
bear,bear,2,35,0.06
remembrance,remembrance,2,33,0.06
stone,stone,1,18,0.06
pang,pang,1,16,0.06
misunderstanding,misunderstanding,1,17,0.06
rinaldo,rinaldo,1,16,0.06
interposition,interposition,1,18,0.06
civility,civility,1,16,0.06
politeness,politeness,1,18,0.06
xxii,xxii,1,17,0.06
the,the,6,84,0.07
credulity,credulity,3,44,0.07
arrest,arrest,2,30,0.07
majesty,majesty,1,15,0.07
future,future,1,15,0.07
savage,savage,1,14,0.07
walton,walton,1,14,0.07
gospel,gospel,1,15,0.07
vermin,vermin,1,14,0.07
security,security,1,14,0.07
denial,denial,1,15,0.07
friendship,friendship,6,72,0.08
fear,fear,4,48,0.08
lawrance,lawrance,3,37,0.08
grandmother,grandmother,3,38,0.08
infernal,infernal,2,25,0.08
danger,danger,2,26,0.08
conqueror,conqueror,2,25,0.08
distinction,distinction,2,25,0.08
this,this,1,12,0.08
vii,vii,1,12,0.08
ix,ix,1,12,0.08
xxxix,xxxix,1,12,0.08
governess,governess,1,13,0.08
nuptials,nuptials,1,12,0.08
thursday,thursday,1,12,0.08
notice,notice,1,12,0.08
kin,kin,1,12,0.08
criticism,criticism,1,13,0.08
lecture,lecture,1,12,0.08
eulogy,eulogy,1,13,0.08
perquisite,perquisite,1,12,0.08
miser,miser,1,12,0.08
brixen,brixen,1,13,0.08
pulpit,pulpit,1,13,0.08
xv,xv,1,13,0.08
me,me,1,13,0.08
substance,substance,1,13,0.08
progress,progress,1,13,0.08
indignity,indignity,1,12,0.08
sketch,sketch,1,13,0.08
reader,reader,10,115,0.09
dost,dost,6,65,0.09
b,b,6,70,0.09
tragedy,tragedy,6,68,0.09
error,error,4,47,0.09
innocent,innocent,4,43,0.09
money,money,3,33,0.09
may,may,3,33,0.09
while,while,3,35,0.09
country,country,3,35,0.09
disorder,disorder,2,23,0.09
sign,sign,2,23,0.09
oughtest,oughtest,2,22,0.09
knowest,knowest,2,22,0.09
illness,illness,2,22,0.09
xxi,xxi,2,22,0.09
readiness,readiness,2,23,0.09
xl,xl,1,11,0.09
sportiveness,sportiveness,1,11,0.09
trick,trick,1,11,0.09
abhorrence,abhorrence,1,11,0.09
thorn,thorn,1,11,0.09
venerables,venerables,1,11,0.09
keeper,keeper,1,11,0.09
saint,saint,1,11,0.09
table,table,1,11,0.09
xi,xi,1,11,0.09
godmother,godmother,1,11,0.09
byron,byron,1,11,0.09
herd,herd,1,11,0.09
inducement,inducement,1,11,0.09
juan,juan,1,11,0.09
afternoon,afternoon,1,11,0.09
oh,oh,11,105,0.1
thyself,thyself,11,106,0.1
death,death,9,90,0.1
motif,motif,7,68,0.1
moment,moment,4,40,0.1
secret,secret,3,30,0.1
wickedness,wickedness,3,30,0.1
expectation,expectation,3,30,0.1
liver,liver,3,29,0.1
example,example,3,31,0.1
article,article,3,29,0.1
army,army,3,30,0.1
doctrine,doctrine,2,21,0.1
thousand,thousand,2,21,0.1
plenty,plenty,2,20,0.1
constitution,constitution,2,20,0.1
mallory,mallory,1,10,0.1
cowley,cowley,1,10,0.1
ours,ours,1,10,0.1
obligation,obligation,1,10,0.1
beast,beast,1,10,0.1
censurers,censurers,1,10,0.1
gentleness,gentleness,1,10,0.1
train,train,1,10,0.1
witness,witness,1,10,0.1
de,de,1,10,0.1
watchfulness,watchfulness,1,10,0.1
sat,sat,1,10,0.1
presumers,presumers,1,10,0.1
leman,leman,16,150,0.11
story,story,14,123,0.11
nay,nay,7,65,0.11
reconciliation,reconciliation,7,61,0.11
canst,canst,7,63,0.11
window,window,6,56,0.11
deal,deal,6,56,0.11
reporter,reporter,5,46,0.11
news,news,4,35,0.11
writing,writing,4,37,0.11
authority,authority,4,36,0.11
symmes,symmes,4,36,0.11
dish,dish,3,28,0.11
novelty,novelty,3,28,0.11
society,society,2,18,0.11
mate,mate,2,19,0.11
approbation,approbation,2,18,0.11
issue,issue,2,19,0.11
might,might,1,9,0.11
penitent,penitent,1,9,0.11
hill,hill,1,9,0.11
despair,despair,1,9,0.11
medicine,medicine,1,9,0.11
villanous,villanous,1,9,0.11
material,material,1,9,0.11
stratagem,stratagem,1,9,0.11
sentiment,sentiment,1,9,0.11
household,household,1,9,0.11
aversion,aversion,1,9,0.11
xxxiii,xxxiii,1,9,0.11
jest,jest,1,9,0.11
hour,hour,13,106,0.12
door,door,12,98,0.12
situation,situation,9,75,0.12
turn,turn,9,72,0.12
harlowes,harlowes,8,68,0.12
note,note,8,64,0.12
consideration,consideration,8,67,0.12
bachelor,bachelor,8,67,0.12
vanity,vanity,6,51,0.12
compare,compare,5,43,0.12
adversity,adversity,4,32,0.12
island,island,4,32,0.12
mullins,mullins,4,34,0.12
menace,menace,3,26,0.12
connivance,connivance,3,24,0.12
valuable,valuable,3,26,0.12
counsellor,counsellor,2,16,0.12
trust,trust,2,17,0.12
college,college,2,17,0.12
errand,errand,2,16,0.12
escape,escape,2,17,0.12
court,court,2,17,0.12
judith,judith,2,16,0.12
la,la,2,16,0.12
tour,tour,2,16,0.12
breaker,breaker,1,8,0.12
innocence,innocence,1,8,0.12
guard,guard,1,8,0.12
gift,gift,1,8,0.12
flatterer,flatterer,1,8,0.12
blossom,blossom,1,8,0.12
invitation,invitation,1,8,0.12
intimation,intimation,1,8,0.12
carter,carter,1,8,0.12
determination,determination,1,8,0.12
awkwardness,awkwardness,1,8,0.12
arrival,arrival,1,8,0.12
v,v,1,8,0.12
mercury,mercury,1,8,0.12
h,h,13,100,0.13
matter,matter,9,71,0.13
half,half,8,61,0.13
sun,sun,8,61,0.13
revenge,revenge,7,52,0.13
consequence,consequence,7,55,0.13
wyerley,wyerley,7,54,0.13
triumph,triumph,6,46,0.13
conduct,conduct,6,46,0.13
blessing,blessing,6,45,0.13
ceremony,ceremony,4,30,0.13
modesty,modesty,4,31,0.13
care,care,4,30,0.13
he,he,4,30,0.13
melvill,melvill,4,31,0.13
forbear,forbear,4,31,0.13
pity,pity,3,23,0.13
charm,charm,3,23,0.13
disgrace,disgrace,3,23,0.13
description,description,2,15,0.13
vixen,vixen,2,15,0.13
allegory,allegory,2,15,0.13
fit,fit,2,15,0.13
titus,titus,2,15,0.13
partner,partner,2,15,0.13
quality,quality,17,121,0.14
circumstance,circumstance,8,59,0.14
respect,respect,7,49,0.14
nation,nation,6,42,0.14
history,history,5,35,0.14
offer,offer,5,36,0.14
attention,attention,5,36,0.14
command,command,5,36,0.14
prohibition,prohibition,5,37,0.14
class,class,4,29,0.14
dozen,dozen,4,29,0.14
tea,tea,4,29,0.14
glory,glory,3,21,0.14
act,act,3,21,0.14
piety,piety,3,22,0.14
well,well,3,21,0.14
affection,affection,3,21,0.14
wouldest,wouldest,2,14,0.14
wine,wine,2,14,0.14
hearse,hearse,2,14,0.14
talk,talk,2,14,0.14
censure,censure,2,14,0.14
music,music,2,14,0.14
claim,claim,1,7,0.14
compassion,compassion,1,7,0.14
clerk,clerk,1,7,0.14
insolence,insolence,1,7,0.14
quarrel,quarrel,1,7,0.14
call,call,1,7,0.14
trembling,trembling,1,7,0.14
usedst,usedst,1,7,0.14
ankle,ankle,1,7,0.14
slip,slip,1,7,0.14
sentinel,sentinel,1,7,0.14
mile,mile,1,7,0.14
complaisance,complaisance,1,7,0.14
understanding,understanding,1,7,0.14
seneca,seneca,1,7,0.14
epictetus,epictetus,1,7,0.14
officious,officious,1,7,0.14
er,er,1,7,0.14
sorrow,sorrow,1,7,0.14
pox,pox,1,7,0.14
fop,fop,1,7,0.14
baseness,baseness,1,7,0.14
hath,hath,1,7,0.14
spark,spark,1,7,0.14
breath,breath,1,7,0.14
device,device,1,7,0.14
sky,sky,1,7,0.14
dover,dover,1,7,0.14
convenience,convenience,1,7,0.14
lace,lace,1,7,0.14
xix,xix,1,7,0.14
dependence,dependence,1,7,0.14
glare,glare,1,7,0.14
hart,hart,1,7,0.14
fairy,fairy,1,7,0.14
needle,needle,1,7,0.14
cold,cold,1,7,0.14
austria,austria,1,7,0.14
phrensy,phrensy,1,7,0.14
don,don,40,263,0.15
dear,dear,23,153,0.15
day,day,21,136,0.15
methinks,methinks,15,97,0.15
poet,poet,14,96,0.15
air,air,11,73,0.15
experience,experience,10,65,0.15
generosity,generosity,10,65,0.15
temper,temper,9,62,0.15
executor,executor,8,53,0.15
condition,condition,6,41,0.15
lodging,lodging,6,41,0.15
methought,methought,6,41,0.15
injury,injury,6,40,0.15
fire,fire,5,34,0.15
garden,garden,5,34,0.15
pocket,pocket,4,27,0.15
judgment,judgment,4,27,0.15
feast,feast,4,26,0.15
sum,sum,4,26,0.15
mightest,mightest,3,20,0.15
suit,suit,3,20,0.15
morrison,morrison,3,20,0.15
earnestness,earnestness,3,20,0.15
bearer,bearer,3,20,0.15
ruin,ruin,3,20,0.15
heroine,heroine,3,20,0.15
hearing,hearing,2,13,0.15
warmth,warmth,2,13,0.15
consciousness,consciousness,2,13,0.15
confession,confession,2,13,0.15
form,form,2,13,0.15
maiden,maiden,2,13,0.15
tenderness,tenderness,2,13,0.15
penetration,penetration,2,13,0.15
lvi,lvi,2,13,0.15
bible,bible,2,13,0.15
heaven,heaven,24,149,0.16
manner,manner,15,93,0.16
grief,grief,14,86,0.16
tony,tony,14,87,0.16
horton,horton,14,86,0.16
education,education,10,63,0.16
youth,youth,10,63,0.16
rake,rake,10,62,0.16
fault,fault,9,57,0.16
weakness,weakness,8,51,0.16
church,church,8,50,0.16
mennell,mennell,6,37,0.16
dryden,dryden,6,38,0.16
end,end,6,37,0.16
folly,folly,5,32,0.16
finger,finger,5,31,0.16
lot,lot,5,31,0.16
spy,spy,5,32,0.16
dairy,dairy,3,19,0.16
reverend,reverend,3,19,0.16
wilt,wilt,30,179,0.17
her,her,21,122,0.17
life,life,18,106,0.17
william,william,14,82,0.17
jenyns,jenyns,13,77,0.17
advantage,advantage,11,64,0.17
earth,earth,11,64,0.17
face,face,8,48,0.17
agent,agent,8,47,0.17
attempt,attempt,7,42,0.17
order,order,7,42,0.17
advice,advice,7,42,0.17
hartley,hartley,7,41,0.17
pray,pray,6,35,0.17
hypocrite,hypocrite,6,36,0.17
singleton,singleton,6,35,0.17
readier,readier,5,30,0.17
calamity,calamity,5,29,0.17
promise,promise,5,30,0.17
minister,minister,5,30,0.17
peace,peace,4,23,0.17
ear,ear,3,18,0.17
it,it,3,18,0.17
taste,taste,3,18,0.17
mortification,mortification,3,18,0.17
monday,monday,2,12,0.17
machination,machination,2,12,0.17
bishop,bishop,2,12,0.17
memory,memory,2,12,0.17
foundation,foundation,2,12,0.17
fever,fever,2,12,0.17
whose,whose,2,12,0.17
descendant,descendant,2,12,0.17
vocative,vocative,1,6,0.17
sufficiency,sufficiency,1,6,0.17
ability,ability,1,6,0.17
re,re,1,6,0.17
catalan,catalan,1,6,0.17
field,field,1,6,0.17
imposture,imposture,1,6,0.17
intellect,intellect,1,6,0.17
crowd,crowd,1,6,0.17
stomach,stomach,1,6,0.17
bottle,bottle,1,6,0.17
wing,wing,1,6,0.17
marplot,marplot,1,6,0.17
kindness,kindness,1,6,0.17
inconveniencies,inconveniencies,1,6,0.17
catastrophe,catastrophe,1,6,0.17
testator,testator,1,6,0.17
pus,pus,1,6,0.17
fall,fall,1,6,0.17
blood,blood,1,6,0.17
catholic,catholic,1,6,0.17
who,who,1,6,0.17
paroxysm,paroxysm,1,6,0.17
knight,knight,1,6,0.17
bid,bid,1,6,0.17
xx,xx,1,6,0.17
sunburnt,sunburnt,1,6,0.17
pier,pier,1,6,0.17
inconvenience,inconvenience,1,6,0.17
letter,letter,256,1392,0.18
time,time,42,229,0.18
occasion,occasion,27,146,0.18
lewen,lewen,23,126,0.18
way,way,20,114,0.18
townsend,townsend,13,73,0.18
trial,trial,12,66,0.18
reflection,reflection,12,68,0.18
apartment,apartment,10,56,0.18
motion,motion,8,44,0.18
talent,talent,7,38,0.18
endeavour,endeavour,7,39,0.18
opposition,opposition,7,38,0.18
compliance,compliance,6,33,0.18
play,play,5,28,0.18
wit,wit,5,28,0.18
fugitive,fugitive,4,22,0.18
success,success,3,17,0.18
anger,anger,3,17,0.18
villany,villany,3,17,0.18
want,want,3,17,0.18
cock,cock,3,17,0.18
reasoning,reasoning,3,17,0.18
handkerchief,handkerchief,2,11,0.18
saucy,saucy,2,11,0.18
feature,feature,2,11,0.18
provocation,provocation,2,11,0.18
ruddy,ruddy,2,11,0.18
lincoln,lincoln,2,11,0.18
frame,frame,2,11,0.18
happiness,happiness,2,11,0.18
honesty,honesty,2,11,0.18
unkindness,unkindness,2,11,0.18
smile,smile,2,11,0.18
tradesman,tradesman,2,11,0.18
betterton,betterton,2,11,0.18
xxiii,xxiii,2,11,0.18
christian,christian,2,11,0.18
charlotte,charlotte,44,232,0.19
martin,martin,40,211,0.19
dr,dr,37,199,0.19
dolly,dolly,23,120,0.19
enemy,enemy,18,94,0.19
dearest,dearest,16,85,0.19
step,step,15,80,0.19
almighty,almighty,13,70,0.19
bell,bell,13,67,0.19
request,request,9,48,0.19
measure,measure,9,47,0.19
piece,piece,8,43,0.19
ease,ease,7,37,0.19
wert,wert,6,32,0.19
copy,copy,6,32,0.19
fate,fate,6,31,0.19
contempt,contempt,5,27,0.19
alexander,alexander,5,27,0.19
alliance,alliance,5,26,0.19
degree,degree,5,26,0.19
guinea,guinea,4,21,0.19
margaret,margaret,4,21,0.19
desire,desire,4,21,0.19
assurance,assurance,4,21,0.19
fool,fool,3,16,0.19
glass,glass,3,16,0.19
mediation,mediation,3,16,0.19
morning,morning,3,16,0.19
hast,hast,3,16,0.19
hertfordshire,hertfordshire,3,16,0.19
thing,thing,67,328,0.2
one,one,64,324,0.2
joseph,joseph,51,255,0.2
tomlinson,tomlinson,43,211,0.2
charmer,charmer,36,177,0.2
brand,brand,26,129,0.2
nymph,nymph,19,94,0.2
passion,passion,19,94,0.2
mean,mean,17,85,0.2
kind,kind,16,79,0.2
nature,nature,15,76,0.2
joy,joy,12,59,0.2
treatment,treatment,11,55,0.2
return,return,11,56,0.2
pain,pain,10,50,0.2
doleman,doleman,9,45,0.2
arm,arm,9,44,0.2
choice,choice,8,41,0.2
tear,tear,8,40,0.2
passage,passage,8,40,0.2
patty,patty,7,35,0.2
age,age,5,25,0.2
mayest,mayest,5,25,0.2
providence,providence,5,25,0.2
pr,pr,5,25,0.2
lloyd,lloyd,5,25,0.2
vessel,vessel,4,20,0.2
bill,bill,4,20,0.2
ambrose,ambrose,4,20,0.2
malice,malice,3,15,0.2
harman,harman,3,15,0.2
sambre,sambre,3,15,0.2
entertainment,entertainment,3,15,0.2
guilt,guilt,3,15,0.2
dough,dough,2,10,0.2
oclock,oclock,2,10,0.2
anne,anne,2,10,0.2
anniversary,anniversary,2,10,0.2
hodges,hodges,2,10,0.2
complaint,complaint,2,10,0.2
indifference,indifference,2,10,0.2
domestic,domestic,2,10,0.2
fondness,fondness,2,10,0.2
fancy,fancy,2,10,0.2
bud,bud,2,10,0.2
nerve,nerve,1,5,0.2
fibre,fibre,1,5,0.2
williams,williams,1,5,0.2
cavil,cavil,1,5,0.2
plea,plea,1,5,0.2
mistiness,mistiness,1,5,0.2
chin,chin,1,5,0.2
whining,whining,1,5,0.2
persecutor,persecutor,1,5,0.2
our,our,1,5,0.2
gang,gang,1,5,0.2
livery,livery,1,5,0.2
iv,iv,1,5,0.2
tameness,tameness,1,5,0.2
rejection,rejection,1,5,0.2
amends,amends,1,5,0.2
simpleton,simpleton,1,5,0.2
station,station,1,5,0.2
cleaver,cleaver,1,5,0.2
fainting,fainting,1,5,0.2
arriage,arriage,1,5,0.2
verse,verse,1,5,0.2
stream,stream,1,5,0.2
parliament,parliament,1,5,0.2
beachcroft,beachcroft,1,5,0.2
whole,whole,1,5,0.2
toupets,toupets,1,5,0.2
justification,justification,1,5,0.2
wrestler,wrestler,1,5,0.2
barbarian,barbarian,1,5,0.2
stinginess,stinginess,1,5,0.2
acquiescence,acquiescence,1,5,0.2
propriety,propriety,1,5,0.2
misrepresentation,misrepresentation,1,5,0.2
instigation,instigation,1,5,0.2
ambition,ambition,1,5,0.2
draught,draught,1,5,0.2
winter,winter,1,5,0.2
penury,penury,1,5,0.2
oons,oons,1,5,0.2
aving,aving,1,5,0.2
condescend,condescend,1,5,0.2
equipage,equipage,1,5,0.2
designer,designer,1,5,0.2
thou,thou,275,1292,0.21
m,m,186,868,0.21
madam,madam,184,869,0.21
child,child,76,358,0.21
virtue,virtue,60,292,0.21
niceness,niceness,33,155,0.21
nurse,nurse,32,151,0.21
conversation,conversation,18,87,0.21
beauty,beauty,12,57,0.21
mabell,mabell,12,58,0.21
thought,thought,11,53,0.21
year,year,10,47,0.21
rest,rest,10,47,0.21
sort,sort,8,38,0.21
business,business,7,34,0.21
bed,bed,7,33,0.21
instance,instance,6,29,0.21
hint,hint,6,29,0.21
robin,robin,6,28,0.21
style,style,5,24,0.21
lesson,lesson,5,24,0.21
roman,roman,5,24,0.21
compliment,compliment,4,19,0.21
superiority,superiority,4,19,0.21
delight,delight,4,19,0.21
hampstead,hampstead,4,19,0.21
course,course,4,19,0.21
sunday,sunday,4,19,0.21
officer,officer,4,19,0.21
dress,dress,4,19,0.21
dream,dream,3,14,0.21
favourite,favourite,3,14,0.21
captain,captain,185,830,0.22
art,art,44,203,0.22
sarah,sarah,33,153,0.22
part,part,25,115,0.22
gentlewoman,gentlewoman,22,98,0.22
favour,favour,22,98,0.22
wench,wench,21,96,0.22
ladyship,ladyship,20,93,0.22
resolution,resolution,20,91,0.22
intelligence,intelligence,17,79,0.22
merit,merit,17,76,0.22
night,night,13,60,0.22
effect,effect,11,51,0.22
mischief,mischief,10,46,0.22
wilson,wilson,10,45,0.22
method,method,10,45,0.22
light,light,9,41,0.22
col,col,9,41,0.22
faculty,faculty,8,36,0.22
lip,lip,5,23,0.22
charity,charity,5,23,0.22
imagination,imagination,5,23,0.22
being,being,5,23,0.22
purity,purity,4,18,0.22
humour,humour,4,18,0.22
month,month,4,18,0.22
dignity,dignity,4,18,0.22
waiter,waiter,4,18,0.22
motive,motive,4,18,0.22
esteem,esteem,4,18,0.22
crown,crown,2,9,0.22
no,no,2,9,0.22
public,public,2,9,0.22
deceiver,deceiver,2,9,0.22
quarter,quarter,2,9,0.22
grove,grove,2,9,0.22
acquisition,acquisition,2,9,0.22
wherefore,wherefore,2,9,0.22
jack,jack,89,393,0.23
lordship,lordship,61,266,0.23
author,author,56,246,0.23
niece,niece,51,218,0.23
nothing,nothing,42,185,0.23
honour,honour,37,161,0.23
pride,pride,31,133,0.23
fortune,fortune,24,106,0.23
cause,cause,23,100,0.23
master,master,21,91,0.23
spouse,spouse,17,73,0.23
present,present,16,70,0.23
lover,lover,15,66,0.23
goddard,goddard,15,66,0.23
chamber,chamber,12,53,0.23
settlement,settlement,12,52,0.23
writer,writer,12,52,0.23
queen,queen,9,40,0.23
terror,terror,9,40,0.23
rowe,rowe,9,39,0.23
appearance,appearance,7,30,0.23
principle,principle,7,30,0.23
vice,vice,7,31,0.23
ship,ship,7,31,0.23
humility,humility,6,26,0.23
mouth,mouth,5,22,0.23
novice,novice,5,22,0.23
shock,shock,3,13,0.23
king,king,3,13,0.23
sadleir,sadleir,3,13,0.23
montague,montague,59,247,0.24
son,son,46,189,0.24
apothecary,apothecary,40,169,0.24
messenger,messenger,34,139,0.24
bevis,bevis,31,127,0.24
company,company,23,96,0.24
visit,visit,21,88,0.24
mine,mine,20,82,0.24
harry,harry,19,80,0.24
arabella,arabella,18,74,0.24
his,his,17,72,0.24
hereupon,hereupon,16,67,0.24
esq,esq,15,63,0.24
behaviour,behaviour,14,58,0.24
action,action,12,51,0.24
purpose,purpose,12,51,0.24
england,england,9,37,0.24
rascal,rascal,9,37,0.24
message,message,8,33,0.24
acquaintance,acquaintance,7,29,0.24
consent,consent,7,29,0.24
kitty,kitty,7,29,0.24
expedient,expedient,6,25,0.24
bosom,bosom,6,25,0.24
wisdom,wisdom,6,25,0.24
value,value,5,21,0.24
observation,observation,5,21,0.24
patience,patience,5,21,0.24
she,she,4,17,0.24
reading,reading,4,17,0.24
bounty,bounty,4,17,0.24
condescension,condescension,4,17,0.24
aspect,aspect,4,17,0.24
pandora,pandora,4,17,0.24
belford,belford,249,1006,0.25
family,family,205,835,0.25
aunt,aunt,175,696,0.25
james,james,133,539,0.25
antony,antony,99,389,0.25
husband,husband,77,302,0.25
devil,devil,74,293,0.25
john,john,70,279,0.25
polly,polly,44,176,0.25
nobody,nobody,41,167,0.25
town,town,32,126,0.25
morrow,morrow,20,81,0.25
tuesday,tuesday,15,60,0.25
voice,voice,12,48,0.25
concern,concern,7,28,0.25
self,self,7,28,0.25
curse,curse,6,24,0.25
seat,seat,5,20,0.25
impression,impression,5,20,0.25
question,question,5,20,0.25
inn,inn,4,16,0.25
knee,knee,4,16,0.25
gaiety,gaiety,4,16,0.25
management,management,3,12,0.25
independence,independence,3,12,0.25
indisposition,indisposition,3,12,0.25
affliction,affliction,3,12,0.25
expostulation,expostulation,3,12,0.25
religion,religion,3,12,0.25
intercession,intercession,3,12,0.25
fain,fain,3,12,0.25
veneration,veneration,3,12,0.25
custom,custom,3,12,0.25
hunter,hunter,3,12,0.25
implacables,implacables,2,8,0.25
heath,heath,2,8,0.25
white,white,2,8,0.25
bank,bank,2,8,0.25
dislike,dislike,2,8,0.25
jewel,jewel,2,8,0.25
discovery,discovery,2,8,0.25
obedience,obedience,2,8,0.25
flutter,flutter,2,8,0.25
manteau,manteau,2,8,0.25
solemnity,solemnity,2,8,0.25
placability,placability,2,8,0.25
lenity,lenity,2,8,0.25
grave,grave,2,8,0.25
gallantry,gallantry,2,8,0.25
hater,hater,2,8,0.25
hall,hall,2,8,0.25
augur,augur,2,8,0.25
edward,edward,2,8,0.25
holden,holden,2,8,0.25
familiarity,familiarity,1,4,0.25
maturity,maturity,1,4,0.25
hatred,hatred,1,4,0.25
fame,fame,1,4,0.25
pin,pin,1,4,0.25
yew,yew,1,4,0.25
hedge,hedge,1,4,0.25
freckle,freckle,1,4,0.25
intimate,intimate,1,4,0.25
confessionaire,confessionaire,1,4,0.25
following,following,1,4,0.25
parchment,parchment,1,4,0.25
reward,reward,1,4,0.25
margery,margery,1,4,0.25
school,school,1,4,0.25
invective,invective,1,4,0.25
generality,generality,1,4,0.25
stop,stop,1,4,0.25
rape,rape,1,4,0.25
workwoman,workwoman,1,4,0.25
gridiron,gridiron,1,4,0.25
cloth,cloth,1,4,0.25
capt,capt,1,4,0.25
pollard,pollard,1,4,0.25
reliance,reliance,1,4,0.25
warning,warning,1,4,0.25
packet,packet,1,4,0.25
nag,nag,1,4,0.25
apology,apology,1,4,0.25
interrogatory,interrogatory,1,4,0.25
diver,diver,1,4,0.25
skin,skin,1,4,0.25
unction,unction,1,4,0.25
warrant,warrant,1,4,0.25
antiquity,antiquity,1,4,0.25
worthiness,worthiness,1,4,0.25
destroyer,destroyer,1,4,0.25
hound,hound,1,4,0.25
waste,waste,1,4,0.25
trifle,trifle,1,4,0.25
disfavour,disfavour,1,4,0.25
tail,tail,1,4,0.25
injustice,injustice,1,4,0.25
indie,indie,1,4,0.25
reproach,reproach,1,4,0.25
mite,mite,1,4,0.25
critic,critic,1,4,0.25
trooper,trooper,1,4,0.25
rival,rival,1,4,0.25
homer,homer,1,4,0.25
fervour,fervour,1,4,0.25
rich,rich,1,4,0.25
persuasion,persuasion,1,4,0.25
reptile,reptile,1,4,0.25
inconsideration,inconsideration,1,4,0.25
hesitation,hesitation,1,4,0.25
tendency,tendency,1,4,0.25
rcas,rcas,1,4,0.25
demand,demand,1,4,0.25
storm,storm,1,4,0.25
contriver,contriver,1,4,0.25
miss,miss,850,3322,0.26
uncle,uncle,302,1171,0.26
lord,lord,285,1105,0.26
colonel,colonel,216,835,0.26
morden,morden,210,813,0.26
creature,creature,198,753,0.26
men,men,173,657,0.26
servant,servant,138,523,0.26
house,house,71,269,0.26
rowland,rowland,59,227,0.26
spirit,spirit,48,186,0.26
surgeon,surgeon,28,107,0.26
account,account,22,84,0.26
sense,sense,20,78,0.26
something,something,19,74,0.26
state,state,17,65,0.26
opinion,opinion,15,58,0.26
leeson,leeson,14,54,0.26
interest,interest,13,50,0.26
appointment,appointment,11,42,0.26
remembrest,remembrest,11,42,0.26
crime,crime,9,35,0.26
physician,physician,8,31,0.26
meeting,meeting,8,31,0.26
trouble,trouble,7,27,0.26
perkins,perkins,7,27,0.26
doubt,doubt,6,23,0.26
suffering,suffering,6,23,0.26
goodness,goodness,5,19,0.26
scheme,scheme,5,19,0.26
communication,communication,5,19,0.26
indignation,indignation,5,19,0.26
countenance,countenance,5,19,0.26
mourning,mourning,5,19,0.26
harlowe,harlowe,464,1722,0.27
howe,howe,459,1724,0.27
norton,norton,159,591,0.27
gentleman,gentleman,142,518,0.27
sinclair,sinclair,92,341,0.27
word,word,41,151,0.27
nephew,nephew,36,135,0.27
maid,maid,35,132,0.27
name,name,31,116,0.27
parson,parson,17,64,0.27
affair,affair,15,56,0.27
side,side,15,56,0.27
elder,elder,13,49,0.27
resentment,resentment,12,45,0.27
tender,tender,12,44,0.27
companion,companion,11,41,0.27
varlet,varlet,8,30,0.27
rule,rule,7,26,0.27
meekness,meekness,4,15,0.27
report,report,4,15,0.27
number,number,4,15,0.27
policy,policy,4,15,0.27
hostler,hostler,4,15,0.27
phrase,phrase,3,11,0.27
malady,malady,3,11,0.27
gratitude,gratitude,3,11,0.27
repetition,repetition,3,11,0.27
grime,grime,3,11,0.27
difference,difference,3,11,0.27
disguise,disguise,3,11,0.27
rebel,rebel,3,11,0.27
suspense,suspense,3,11,0.27
use,use,3,11,0.27
consolation,consolation,3,11,0.27
satan,satan,3,11,0.27
twinkler,twinkler,3,11,0.27
sister,sister,408,1483,0.28
friend,friend,382,1366,0.28
betty,betty,356,1262,0.28
clarissa,clarissa,212,768,0.28
person,person,170,614,0.28
parent,parent,122,434,0.28
moore,moore,95,338,0.28
soul,soul,84,296,0.28
body,body,82,292,0.28
accuser,accuser,35,124,0.28
will,will,34,123,0.28
instigator,instigator,30,107,0.28
robert,robert,21,74,0.28
view,view,17,61,0.28
hope,hope,14,50,0.28
liberty,liberty,13,46,0.28
papa,papa,11,39,0.28
prince,prince,8,29,0.28
plotting,plotting,7,25,0.28
chairman,chairman,5,18,0.28
vehemence,vehemence,5,18,0.28
viii,viii,5,18,0.28
direction,direction,5,18,0.28
tyrant,tyrant,5,18,0.28
wretch,wretch,167,577,0.29
mind,mind,87,297,0.29
world,world,84,293,0.29
partington,partington,64,222,0.29
mowbray,mowbray,63,219,0.29
goody,goody,30,103,0.29
justice,justice,24,82,0.29
subject,subject,23,79,0.29
bella,bella,23,80,0.29
mamma,mamma,19,66,0.29
collins,collins,18,63,0.29
contrivance,contrivance,16,56,0.29
health,health,15,51,0.29
cast,cast,10,34,0.29
figure,figure,8,28,0.29
loss,loss,7,24,0.29
quire,quire,7,24,0.29
bailiff,bailiff,7,24,0.29
scene,scene,7,24,0.29
low,low,6,21,0.29
courage,courage,6,21,0.29
paper,paper,6,21,0.29
insult,insult,6,21,0.29
flight,flight,5,17,0.29
plot,plot,5,17,0.29
didst,didst,5,17,0.29
pair,pair,5,17,0.29
defence,defence,5,17,0.29
accident,accident,5,17,0.29
sword,sword,4,14,0.29
jemmy,jemmy,4,14,0.29
grandson,grandson,4,14,0.29
stroke,stroke,2,7,0.29
possession,possession,2,7,0.29
clown,clown,2,7,0.29
wrong,wrong,2,7,0.29
perdition,perdition,2,7,0.29
parish,parish,2,7,0.29
physic,physic,2,7,0.29
admirer,admirer,2,7,0.29
ad,ad,2,7,0.29
practice,practice,2,7,0.29
multitude,multitude,2,7,0.29
support,support,2,7,0.29
importunity,importunity,2,7,0.29
encouragement,encouragement,2,7,0.29
splendour,splendour,2,7,0.29
empress,empress,2,7,0.29
sailor,sailor,2,7,0.29
father,father,399,1313,0.3
cousin,cousin,242,815,0.3
hervey,hervey,120,398,0.3
character,character,109,368,0.3
hand,hand,57,193,0.3
belton,belton,40,135,0.3
libertine,libertine,34,112,0.3
marriage,marriage,32,107,0.3
case,case,25,82,0.3
living,living,24,79,0.3
nancy,nancy,24,80,0.3
pritchard,pritchard,20,66,0.3
violence,violence,13,43,0.3
duty,duty,13,43,0.3
shorey,shorey,10,33,0.3
tenant,tenant,9,30,0.3
barnes,barnes,9,30,0.3
housekeeper,housekeeper,8,27,0.3
curiosity,curiosity,7,23,0.3
sufferer,sufferer,7,23,0.3
adversary,adversary,7,23,0.3
displeasure,displeasure,6,20,0.3
besought,besought,3,10,0.3
moral,moral,3,10,0.3
emotion,emotion,3,10,0.3
penitence,penitence,3,10,0.3
labour,labour,3,10,0.3
proverb,proverb,3,10,0.3
commission,commission,3,10,0.3
animal,animal,3,10,0.3
mercer,mercer,3,10,0.3
lovelace,lovelace,1172,3787,0.31
fellow,fellow,245,797,0.31
wife,wife,159,513,0.31
love,love,51,163,0.31
poor,poor,44,143,0.31
fortescue,fortescue,42,137,0.31
greme,greme,21,68,0.31
point,point,17,55,0.31
misfortune,misfortune,9,29,0.31
look,look,8,26,0.31
oliver,oliver,8,26,0.31
right,right,5,16,0.31
envy,envy,5,16,0.31
tribe,tribe,5,16,0.31
catharine,catharine,5,16,0.31
hero,hero,4,13,0.31
deed,deed,4,13,0.31
sentence,sentence,4,13,0.31
silence,silence,4,13,0.31
dancing,dancing,4,13,0.31
presumption,presumption,4,13,0.31
indulgence,indulgence,4,13,0.31
heart,heart,127,393,0.32
daughter,daughter,126,389,0.32
god,god,121,383,0.32
sex,sex,80,250,0.32
others,others,46,143,0.32
mistress,mistress,34,106,0.32
estate,estate,22,68,0.32
delicacy,delicacy,12,37,0.32
clergyman,clergyman,12,37,0.32
particular,particular,8,25,0.32
office,office,7,22,0.32
prospect,prospect,7,22,0.32
discretion,discretion,7,22,0.32
foot,foot,7,22,0.32
charge,charge,6,19,0.32
faithful,faithful,6,19,0.32
divine,divine,6,19,0.32
villanies,villanies,6,19,0.32
mother,mother,764,2343,0.33
widow,widow,192,584,0.33
lovick,lovick,186,556,0.33
smith,smith,184,552,0.33
people,people,177,533,0.33
head,head,44,134,0.33
honner,honner,34,102,0.33
place,place,14,42,0.33
book,book,14,43,0.33
somebody,somebody,13,39,0.33
content,content,12,36,0.33
study,study,10,30,0.33
persecution,persecution,10,30,0.33
sake,sake,9,27,0.33
notion,notion,9,27,0.33
be,be,7,21,0.33
defect,defect,6,18,0.33
sickness,sickness,6,18,0.33
mortal,mortal,6,18,0.33
advocate,advocate,5,15,0.33
objection,objection,5,15,0.33
usage,usage,5,15,0.33
humanity,humanity,5,15,0.33
general,general,4,12,0.33
round,round,4,12,0.33
bribe,bribe,4,12,0.33
punishment,punishment,4,12,0.33
impertinence,impertinence,4,12,0.33
obstinacy,obstinacy,4,12,0.33
coward,coward,3,9,0.33
disposition,disposition,3,9,0.33
pattern,pattern,3,9,0.33
share,share,3,9,0.33
breakfast,breakfast,3,9,0.33
italy,italy,3,9,0.33
profligate,profligate,3,9,0.33
attraction,attraction,3,9,0.33
amusement,amusement,3,9,0.33
monkey,monkey,3,9,0.33
branch,branch,3,9,0.33
animosity,animosity,2,6,0.33
alarm,alarm,2,6,0.33
cruelty,cruelty,2,6,0.33
caprice,caprice,2,6,0.33
applause,applause,2,6,0.33
colour,colour,2,6,0.33
larking,larking,2,6,0.33
yard,yard,2,6,0.33
intelligencer,intelligencer,2,6,0.33
ingenuousness,ingenuousness,2,6,0.33
welfare,welfare,2,6,0.33
riser,riser,2,6,0.33
solicitor,solicitor,2,6,0.33
mannered,mannered,2,6,0.33
severity,severity,2,6,0.33
conference,conference,2,6,0.33
barker,barker,2,6,0.33
approach,approach,2,6,0.33
brood,brood,2,6,0.33
show,show,2,6,0.33
affectation,affectation,2,6,0.33
spring,spring,2,6,0.33
individual,individual,2,6,0.33
snare,snare,2,6,0.33
coxcomb,coxcomb,2,6,0.33
speech,speech,2,6,0.33
harangue,harangue,2,6,0.33
lobster,lobster,2,6,0.33
nomination,nomination,1,3,0.33
sinner,sinner,1,3,0.33
vallens,vallens,1,3,0.33
internuncioship,internuncioship,1,3,0.33
com,com,1,3,0.33
hudibras,hudibras,1,3,0.33
landlady,landlady,1,3,0.33
casuist,casuist,1,3,0.33
leg,leg,1,3,0.33
dealing,dealing,1,3,0.33
elizabeth,elizabeth,1,3,0.33
wound,wound,1,3,0.33
sacrifice,sacrifice,1,3,0.33
murder,murder,1,3,0.33
highwayman,highwayman,1,3,0.33
convocation,convocation,1,3,0.33
solomon,solomon,1,3,0.33
moth,moth,1,3,0.33
violation,violation,1,3,0.33
gripe,gripe,1,3,0.33
perpetration,perpetration,1,3,0.33
laudanum,laudanum,1,3,0.33
forgery,forgery,1,3,0.33
restriction,restriction,1,3,0.33
impostor,impostor,1,3,0.33
visiters,visiters,1,3,0.33
needest,needest,1,3,0.33
scot,scot,1,3,0.33
shadow,shadow,1,3,0.33
maintenon,maintenon,1,3,0.33
englishman,englishman,1,3,0.33
affluent,affluent,1,3,0.33
rectitude,rectitude,1,3,0.33
tie,tie,1,3,0.33
jointure,jointure,1,3,0.33
ere,ere,1,3,0.33
udy,udy,1,3,0.33
patsey,patsey,1,3,0.33
famine,famine,1,3,0.33
fiend,fiend,1,3,0.33
sanderson,sanderson,1,3,0.33
rogers,rogers,1,3,0.33
shake,shake,1,3,0.33
darling,darling,1,3,0.33
effluvium,effluvium,1,3,0.33
carcase,carcase,1,3,0.33
operation,operation,1,3,0.33
kiss,kiss,1,3,0.33
culprit,culprit,1,3,0.33
mordens,mordens,1,3,0.33
barbarity,barbarity,1,3,0.33
masquerade,masquerade,1,3,0.33
system,system,1,3,0.33
stay,stay,1,3,0.33
wall,wall,1,3,0.33
weather,weather,1,3,0.33
rapture,rapture,1,3,0.33
censorious,censorious,1,3,0.33
arrogance,arrogance,1,3,0.33
series,series,1,3,0.33
won,won,1,3,0.33
tutor,tutor,1,3,0.33
prescriber,prescriber,1,3,0.33
corner,corner,1,3,0.33
provision,provision,1,3,0.33
disparagement,disparagement,1,3,0.33
assistance,assistance,1,3,0.33
common,common,1,3,0.33
meanest,meanest,1,3,0.33
mew,mew,1,3,0.33
neck,neck,1,3,0.33
estray,estray,1,3,0.33
repository,repository,1,3,0.33
rankling,rankling,1,3,0.33
xxxii,xxxii,1,3,0.33
scorn,scorn,1,3,0.33
moralist,moralist,1,3,0.33
lways,lways,1,3,0.33
pleasantry,pleasantry,1,3,0.33
pop,pop,1,3,0.33
gun,gun,1,3,0.33
swarmers,swarmers,1,3,0.33
magistrate,magistrate,1,3,0.33
prize,prize,1,3,0.33
lady,lady,1702,5037,0.34
brother,brother,602,1795,0.34
dorcas,dorcas,381,1113,0.34
rawlins,rawlins,133,395,0.34
angel,angel,52,151,0.34
eye,eye,51,151,0.34
clary,clary,32,93,0.34
fretchville,fretchville,29,86,0.34
line,line,18,53,0.34
grace,grace,12,35,0.34
answer,answer,11,32,0.34
correspondence,correspondence,10,29,0.34
hickman,hickman,358,1021,0.35
girl,girl,129,366,0.35
doctor,doctor,98,283,0.35
anna,anna,23,65,0.35
felicity,felicity,19,54,0.35
crisis,crisis,18,51,0.35
law,law,17,48,0.35
coachman,coachman,13,37,0.35
force,force,11,31,0.35
chevalier,chevalier,11,31,0.35
chair,chair,8,23,0.35
street,street,7,20,0.35
title,title,7,20,0.35
ardour,ardour,7,20,0.35
inclination,inclination,7,20,0.35
impertinent,impertinent,6,17,0.35
stranger,stranger,6,17,0.35
sally,sally,265,734,0.36
sorlings,sorlings,43,121,0.36
none,none,30,84,0.36
conscience,conscience,20,55,0.36
kinswoman,kinswoman,20,56,0.36
my,my,17,47,0.36
eater,eater,13,36,0.36
caesar,caesar,13,36,0.36
wouldst,wouldst,13,36,0.36
calista,calista,12,33,0.36
boy,boy,9,25,0.36
priscilla,priscilla,8,22,0.36
invention,invention,5,14,0.36
traveller,traveller,5,14,0.36
rank,rank,5,14,0.36
luther,luther,5,14,0.36
smuggler,smuggler,4,11,0.36
service,service,4,11,0.36
solicitation,solicitation,4,11,0.36
maker,maker,4,11,0.36
text,text,4,11,0.36
correspondent,correspondent,4,11,0.36
relation,relation,74,200,0.37
power,power,32,87,0.37
address,address,11,30,0.37
guest,guest,7,19,0.37
reputation,reputation,7,19,0.37
cough,cough,7,19,0.37
tourville,tourville,79,210,0.38
hannah,hannah,74,196,0.38
argument,argument,9,24,0.38
squire,squire,9,24,0.38
st,st,9,24,0.38
rashness,rashness,8,21,0.38
london,london,6,16,0.38
serpent,serpent,6,16,0.38
base,base,6,16,0.38
decency,decency,5,13,0.38
yours,yours,5,13,0.38
sin,sin,5,13,0.38
bird,bird,5,13,0.38
seemest,seemest,3,8,0.38
star,star,3,8,0.38
prepossession,prepossession,3,8,0.38
mankind,mankind,3,8,0.38
interview,interview,3,8,0.38
confinement,confinement,3,8,0.38
outrage,outrage,3,8,0.38
david,david,3,8,0.38
implacableness,implacableness,3,8,0.38
gratification,gratification,3,8,0.38
dispensation,dispensation,3,8,0.38
hers,hers,3,8,0.38
dog,dog,31,80,0.39
peer,peer,19,49,0.39
room,room,15,38,0.39
opportunity,opportunity,15,38,0.39
recollection,recollection,13,33,0.39
proselyte,proselyte,12,31,0.39
elopement,elopement,7,18,0.39
knowledge,knowledge,7,18,0.39
simon,simon,7,18,0.39
villain,villain,42,105,0.4
wish,wish,6,15,0.4
gout,gout,6,15,0.4
praise,praise,6,15,0.4
virago,virago,4,10,0.4
scruple,scruple,4,10,0.4
pert,pert,4,10,0.4
permission,permission,4,10,0.4
weight,weight,4,10,0.4
worth,worth,4,10,0.4
vileness,vileness,4,10,0.4
tongue,tongue,4,10,0.4
declaration,declaration,4,10,0.4
skill,skill,4,10,0.4
knife,knife,2,5,0.4
midnight,midnight,2,5,0.4
peter,peter,2,5,0.4
fore,fore,2,5,0.4
prejudice,prejudice,2,5,0.4
incense,incense,2,5,0.4
satisfaction,satisfaction,2,5,0.4
partiality,partiality,2,5,0.4
weapon,weapon,2,5,0.4
parcel,parcel,2,5,0.4
recourse,recourse,2,5,0.4
nonsense,nonsense,2,5,0.4
beginning,beginning,2,5,0.4
attendant,attendant,2,5,0.4
ambassador,ambassador,2,5,0.4
greatness,greatness,2,5,0.4
customer,customer,2,5,0.4
weed,weed,2,5,0.4
resignation,resignation,2,5,0.4
regret,regret,2,5,0.4
information,information,2,5,0.4
levity,levity,2,5,0.4
debt,debt,2,5,0.4
tabby,tabby,2,5,0.4
chimney,chimney,2,5,0.4
admiration,admiration,2,5,0.4
sound,sound,2,5,0.4
singer,singer,2,5,0.4
confraternity,confraternity,2,5,0.4
audience,audience,2,5,0.4
athenian,athenian,2,5,0.4
neighbour,neighbour,2,5,0.4
supposition,supposition,2,5,0.4
proof,proof,2,5,0.4
murderer,murderer,2,5,0.4
picture,picture,2,5,0.4
marauder,marauder,2,5,0.4
protection,protection,2,5,0.4
goose,goose,2,5,0.4
solmes,solmes,348,843,0.41
grandfather,grandfather,81,199,0.41
event,event,14,34,0.41
disappointment,disappointment,11,27,0.41
lardner,lardner,7,17,0.41
horse,horse,7,17,0.41
pleasure,pleasure,13,31,0.42
creation,creation,5,12,0.42
genius,genius,5,12,0.42
couldst,couldst,5,12,0.42
prayer,prayer,5,12,0.42
biddulph,biddulph,22,51,0.43
prudence,prudence,19,44,0.43
apprehension,apprehension,15,35,0.43
design,design,10,23,0.43
rogue,rogue,10,23,0.43
reserve,reserve,9,21,0.43
excellency,excellency,6,14,0.43
destiny,destiny,6,14,0.43
board,board,3,7,0.43
behalf,behalf,3,7,0.43
linen,linen,3,7,0.43
preparation,preparation,3,7,0.43
walk,walk,3,7,0.43
term,term,3,7,0.43
dragon,dragon,3,7,0.43
breast,breast,3,7,0.43
breach,breach,3,7,0.43
vigilance,vigilance,3,7,0.43
precept,precept,3,7,0.43
couple,couple,3,7,0.43
injunction,injunction,3,7,0.43
covetous,covetous,3,7,0.43
proposal,proposal,20,45,0.44
distress,distress,14,32,0.44
vow,vow,7,16,0.44
excellence,excellence,7,16,0.44
regard,regard,7,16,0.44
mercy,mercy,7,16,0.44
path,path,7,16,0.44
qualification,qualification,4,9,0.44
wind,wind,4,9,0.44
matrimony,matrimony,4,9,0.44
party,party,9,20,0.45
stopt,stopt,9,20,0.45
confidence,confidence,5,11,0.45
intention,intention,5,11,0.45
necessity,necessity,5,11,0.45
comfort,comfort,5,11,0.45
reformation,reformation,5,11,0.45
tom,tom,12,26,0.46
impatience,impatience,6,13,0.46
fortress,fortress,8,17,0.47
application,application,7,15,0.47
difficulty,difficulty,7,15,0.47
absence,absence,7,15,0.47
reason,reason,21,44,0.48
vellum,vellum,11,23,0.48
morn,morn,31,63,0.49
distance,distance,14,28,0.5
thomasine,thomasine,9,18,0.5
lawyer,lawyer,8,16,0.5
u,u,6,12,0.5
project,project,6,12,0.5
suppliant,suppliant,6,12,0.5
corpse,corpse,6,12,0.5
compulsion,compulsion,5,10,0.5
footman,footman,4,8,0.5
landlord,landlord,4,8,0.5
thump,thump,4,8,0.5
exclamation,exclamation,4,8,0.5
virgin,virgin,4,8,0.5
latter,latter,4,8,0.5
frugality,frugality,4,8,0.5
lane,lane,4,8,0.5
thief,thief,4,8,0.5
contradiction,contradiction,3,6,0.5
detection,detection,3,6,0.5
cabinet,cabinet,3,6,0.5
inquiry,inquiry,3,6,0.5
construction,construction,3,6,0.5
enterprise,enterprise,3,6,0.5
fury,fury,3,6,0.5
fact,fact,3,6,0.5
durst,durst,3,6,0.5
beelzebub,beelzebub,3,6,0.5
seducer,seducer,3,6,0.5
forgiveness,forgiveness,3,6,0.5
disease,disease,3,6,0.5
old,old,3,6,0.5
thinkest,thinkest,2,4,0.5
prop,prop,2,4,0.5
narration,narration,2,4,0.5
proctor,proctor,2,4,0.5
intrepidity,intrepidity,2,4,0.5
shakspeare,shakspeare,2,4,0.5
doer,doer,2,4,0.5
digression,digression,2,4,0.5
sadler,sadler,2,4,0.5
magnanimity,magnanimity,2,4,0.5
edge,edge,2,4,0.5
home,home,2,4,0.5
puppy,puppy,2,4,0.5
harriot,harriot,2,4,0.5
lucas,lucas,2,4,0.5
supper,supper,2,4,0.5
silk,silk,2,4,0.5
blow,blow,2,4,0.5
knoweth,knoweth,2,4,0.5
survivor,survivor,2,4,0.5
exit,exit,2,4,0.5
miscreant,miscreant,2,4,0.5
jaw,jaw,2,4,0.5
woe,woe,2,4,0.5
sensibility,sensibility,2,4,0.5
spectacle,spectacle,2,4,0.5
thee,thee,2,4,0.5
oracle,oracle,2,4,0.5
xxxi,xxxi,2,4,0.5
neas,neas,2,4,0.5
their,their,2,4,0.5
help,help,2,4,0.5
repentance,repentance,2,4,0.5
accomplishment,accomplishment,2,4,0.5
boaster,boaster,2,4,0.5
sport,sport,2,4,0.5
cottage,cottage,2,4,0.5
scoffer,scoffer,2,4,0.5
innkeeper,innkeeper,2,4,0.5
signification,signification,2,4,0.5
deuce,deuce,2,4,0.5
instruction,instruction,2,4,0.5
flame,flame,2,4,0.5
accent,accent,2,4,0.5
devilson,devilson,1,2,0.5
liveliness,liveliness,1,2,0.5
untruth,untruth,1,2,0.5
leisure,leisure,1,2,0.5
noise,noise,1,2,0.5
undrest,undrest,1,2,0.5
petticoat,petticoat,1,2,0.5
robbery,robbery,1,2,0.5
hitherto,hitherto,1,2,0.5
pany,pany,1,2,0.5
patrick,patrick,1,2,0.5
price,price,1,2,0.5
andrew,andrew,1,2,0.5
thinking,thinking,1,2,0.5
let,let,1,2,0.5
nod,nod,1,2,0.5
frown,frown,1,2,0.5
contrition,contrition,1,2,0.5
lender,lender,1,2,0.5
plain,plain,1,2,0.5
promiser,promiser,1,2,0.5
bantam,bantam,1,2,0.5
pheasant,pheasant,1,2,0.5
cascade,cascade,1,2,0.5
hoop,hoop,1,2,0.5
carelessness,carelessness,1,2,0.5
giddiness,giddiness,1,2,0.5
dupe,dupe,1,2,0.5
teeth,teeth,1,2,0.5
insensibility,insensibility,1,2,0.5
stander,stander,1,2,0.5
qualifier,qualifier,1,2,0.5
grocer,grocer,1,2,0.5
groan,groan,1,2,0.5
faithless,faithless,1,2,0.5
infection,infection,1,2,0.5
pursuer,pursuer,1,2,0.5
concert,concert,1,2,0.5
brain,brain,1,2,0.5
need,need,1,2,0.5
hev,hev,1,2,0.5
thiss,thiss,1,2,0.5
reply,reply,1,2,0.5
richness,richness,1,2,0.5
importance,importance,1,2,0.5
protestation,protestation,1,2,0.5
porter,porter,1,2,0.5
chicken,chicken,1,2,0.5
wright,wright,1,2,0.5
alternative,alternative,1,2,0.5
conviction,conviction,1,2,0.5
control,control,1,2,0.5
bequest,bequest,1,2,0.5
conveniency,conveniency,1,2,0.5
riot,riot,1,2,0.5
submission,submission,1,2,0.5
fatis,fatis,1,2,0.5
annos,annos,1,2,0.5
boson,boson,1,2,0.5
unfelt,unfelt,1,2,0.5
sleeper,sleeper,1,2,0.5
think,think,1,2,0.5
montagues,montagues,1,2,0.5
can,can,1,2,0.5
toad,toad,1,2,0.5
impudence,impudence,1,2,0.5
bond,bond,1,2,0.5
tack,tack,1,2,0.5
soothings,soothings,1,2,0.5
challenge,challenge,1,2,0.5
crop,crop,1,2,0.5
paragraph,paragraph,1,2,0.5
hazard,hazard,1,2,0.5
preciseness,preciseness,1,2,0.5
test,test,1,2,0.5
malediction,malediction,1,2,0.5
taint,taint,1,2,0.5
meek,meek,1,2,0.5
nobleness,nobleness,1,2,0.5
loth,loth,1,2,0.5
slop,slop,1,2,0.5
monsieur,monsieur,1,2,0.5
emblem,emblem,1,2,0.5
inscription,inscription,1,2,0.5
dispatch,dispatch,1,2,0.5
safety,safety,1,2,0.5
allowance,allowance,1,2,0.5
accomplice,accomplice,1,2,0.5
marrying,marrying,1,2,0.5
pit,pit,1,2,0.5
latin,latin,1,2,0.5
forbes,forbes,1,2,0.5
tower,tower,1,2,0.5
siloam,siloam,1,2,0.5
luke,luke,1,2,0.5
decree,decree,1,2,0.5
lock,lock,1,2,0.5
fright,fright,1,2,0.5
fetter,fetter,1,2,0.5
web,web,1,2,0.5
publication,publication,1,2,0.5
sincerity,sincerity,1,2,0.5
insomuch,insomuch,1,2,0.5
elegance,elegance,1,2,0.5
brow,brow,1,2,0.5
infidel,infidel,1,2,0.5
observance,observance,1,2,0.5
perturbation,perturbation,1,2,0.5
making,making,1,2,0.5
cross,cross,1,2,0.5
foe,foe,1,2,0.5
forwardness,forwardness,1,2,0.5
bravo,bravo,1,2,0.5
surname,surname,1,2,0.5
wealth,wealth,1,2,0.5
cannot,cannot,1,2,0.5
explicitness,explicitness,1,2,0.5
sweetness,sweetness,1,2,0.5
arch,arch,1,2,0.5
george,george,1,2,0.5
colmar,colmar,1,2,0.5
terence,terence,1,2,0.5
fleer,fleer,1,2,0.5
emperor,emperor,1,2,0.5
littleness,littleness,1,2,0.5
dart,dart,1,2,0.5
embryo,embryo,1,2,0.5
quantity,quantity,1,2,0.5
lexington,lexington,1,2,0.5
ground,ground,1,2,0.5
pen,pen,16,31,0.52
judge,judge,9,17,0.53
folk,folk,13,24,0.54
metcalfe,metcalfe,13,24,0.54
kinsman,kinsman,13,24,0.54
post,post,7,13,0.54
shilling,shilling,7,13,0.54
basilisk,basilisk,12,22,0.55
hannibal,hannibal,6,11,0.55
truth,truth,6,11,0.55
offender,offender,6,11,0.55
dejection,dejection,6,11,0.55
vengeance,vengeance,9,16,0.56
suspicion,suspicion,5,9,0.56
strength,strength,5,9,0.56
blamable,blamable,5,9,0.56
freedom,freedom,16,28,0.57
pardon,pardon,12,21,0.57
slave,slave,12,21,0.57
expression,expression,4,7,0.57
herod,herod,4,7,0.57
restraint,restraint,4,7,0.57
courtship,courtship,4,7,0.57
mole,mole,4,7,0.57
anguish,anguish,4,7,0.57
evil,evil,16,27,0.59
sight,sight,12,20,0.6
boreas,boreas,12,20,0.6
seest,seest,9,15,0.6
reverence,reverence,9,15,0.6
week,week,6,10,0.6
birth,birth,6,10,0.6
vein,vein,3,5,0.6
assiduity,assiduity,3,5,0.6
language,language,3,5,0.6
trustee,trustee,3,5,0.6
oath,oath,3,5,0.6
vulture,vulture,3,5,0.6
valet,valet,3,5,0.6
university,university,3,5,0.6
plate,plate,3,5,0.6
barton,barton,3,5,0.6
guardian,guardian,5,8,0.62
stamping,stamping,5,8,0.62
joel,joel,19,30,0.63
principal,principal,14,22,0.64
clothes,clothes,7,11,0.64
coach,coach,13,20,0.65
johnny,johnny,13,20,0.65
pretence,pretence,6,9,0.67
evening,evening,4,6,0.67
attendance,attendance,4,6,0.67
threatenings,threatenings,4,6,0.67
perfection,perfection,4,6,0.67
recovery,recovery,4,6,0.67
tale,tale,4,6,0.67
earnest,earnest,4,6,0.67
superior,superior,4,6,0.67
steward,steward,4,6,0.67
affront,affront,4,6,0.67
stout,stout,4,6,0.67
xxx,xxx,4,6,0.67
fib,fib,2,3,0.67
altar,altar,2,3,0.67
em,em,2,3,0.67
bedfellow,bedfellow,2,3,0.67
square,square,2,3,0.67
clergy,clergy,2,3,0.67
payment,payment,2,3,0.67
foresight,foresight,2,3,0.67
duce,duce,2,3,0.67
strain,strain,2,3,0.67
root,root,2,3,0.67
litigation,litigation,2,3,0.67
jupiter,jupiter,2,3,0.67
lodger,lodger,2,3,0.67
chariot,chariot,2,3,0.67
dining,dining,2,3,0.67
burton,burton,2,3,0.67
drink,drink,2,3,0.67
trader,trader,2,3,0.67
misery,misery,2,3,0.67
efficacy,efficacy,2,3,0.67
attribute,attribute,2,3,0.67
venture,venture,2,3,0.67
aggressor,aggressor,2,3,0.67
covent,covent,2,3,0.67
sheriff,sheriff,2,3,0.67
thy,thy,2,3,0.67
con,con,2,3,0.67
prescription,prescription,2,3,0.67
elbow,elbow,2,3,0.67
scurvy,scurvy,2,3,0.67
liquor,liquor,2,3,0.67
bias,bias,2,3,0.67
english,english,2,3,0.67
compeer,compeer,2,3,0.67
impulse,impulse,2,3,0.67
economy,economy,2,3,0.67
unworthy,unworthy,2,3,0.67
solicitous,solicitous,2,3,0.67
narrowness,narrowness,2,3,0.67
cupidity,cupidity,2,3,0.67
stimulus,stimulus,2,3,0.67
temptation,temptation,2,3,0.67
virulence,virulence,2,3,0.67
preachment,preachment,2,3,0.67
contract,contract,2,3,0.67
whisper,whisper,2,3,0.67
pound,pound,7,10,0.7
engagement,engagement,5,7,0.71
vilest,vilest,5,7,0.71
perseverance,perseverance,5,7,0.71
wishers,wishers,5,7,0.71
appetite,appetite,5,7,0.71
contention,contention,3,4,0.75
scripture,scripture,3,4,0.75
zeal,zeal,3,4,0.75
sting,sting,3,4,0.75
province,province,3,4,0.75
bridge,bridge,3,4,0.75
thunderbolt,thunderbolt,3,4,0.75
inquisitor,inquisitor,3,4,0.75
czar,czar,3,4,0.75
intrigue,intrigue,3,4,0.75
tyranness,tyranness,3,4,0.75
concession,concession,4,5,0.8
card,card,5,6,0.83
struggle,struggle,5,6,0.83
betsey,betsey,8,8,1.0
um,um,8,8,1.0
offence,offence,5,5,1.0
wykes,wykes,5,5,1.0
surprise,surprise,4,4,1.0
oftener,oftener,4,4,1.0
what,what,4,4,1.0
rosebud,rosebud,4,4,1.0
confusion,confusion,4,4,1.0
ugh,ugh,4,4,1.0
failing,failing,4,4,1.0
meditation,meditation,4,4,1.0
sheet,sheet,4,4,1.0
mark,mark,3,3,1.0
ruffle,ruffle,3,3,1.0
young,young,3,3,1.0
stock,stock,3,3,1.0
sens,sens,3,3,1.0
better,better,3,3,1.0
stedman,stedman,3,3,1.0
hem,hem,3,3,1.0
height,height,3,3,1.0
flow,flow,3,3,1.0
owl,owl,3,3,1.0
horace,horace,3,3,1.0
tter,tter,3,3,1.0
benefit,benefit,3,3,1.0
creditor,creditor,3,3,1.0
matron,matron,3,3,1.0
vouchsafe,vouchsafe,3,3,1.0
seduction,seduction,3,3,1.0
influence,influence,3,3,1.0
mourner,mourner,3,3,1.0
paul,paul,3,3,1.0
informant,informant,3,3,1.0
reception,reception,3,3,1.0
disobedience,disobedience,3,3,1.0
spaniard,spaniard,3,3,1.0
parader,parader,3,3,1.0
ice,ice,3,3,1.0
correspond,correspond,2,2,1.0
controul,controul,2,2,1.0
dotage,dotage,2,2,1.0
blush,blush,2,2,1.0
delay,delay,2,2,1.0
unbar,unbar,2,2,1.0
demon,demon,2,2,1.0
trix,trix,2,2,1.0
dawn,dawn,2,2,1.0
familiar,familiar,2,2,1.0
host,host,2,2,1.0
garret,garret,2,2,1.0
unhand,unhand,2,2,1.0
addition,addition,2,2,1.0
conveyance,conveyance,2,2,1.0
longs,longs,2,2,1.0
dove,dove,2,2,1.0
punisher,punisher,2,2,1.0
confederacy,confederacy,2,2,1.0
entreat,entreat,2,2,1.0
chapel,chapel,2,2,1.0
inference,inference,2,2,1.0
tyranny,tyranny,2,2,1.0
recapitulation,recapitulation,2,2,1.0
ivy,ivy,2,2,1.0
ink,ink,2,2,1.0
dew,dew,2,2,1.0
silver,silver,2,2,1.0
check,check,2,2,1.0
uncontroulable,uncontroulable,2,2,1.0
persuadableness,persuadableness,2,2,1.0
search,search,2,2,1.0
aught,aught,2,2,1.0
ghost,ghost,2,2,1.0
adieu,adieu,2,2,1.0
sponge,sponge,2,2,1.0
anxiety,anxiety,2,2,1.0
sedateness,sedateness,2,2,1.0
urchin,urchin,2,2,1.0
blunt,blunt,2,2,1.0
sprightly,sprightly,2,2,1.0
nail,nail,2,2,1.0
livest,livest,2,2,1.0
offering,offering,2,2,1.0
dying,dying,2,2,1.0
faith,faith,2,2,1.0
push,push,2,2,1.0
mantua,mantua,2,2,1.0
barnet,barnet,2,2,1.0
hate,hate,2,2,1.0
penny,penny,2,2,1.0
cossack,cossack,2,2,1.0
mantle,mantle,2,2,1.0
retinue,retinue,2,2,1.0
yesterday,yesterday,2,2,1.0
converse,converse,2,2,1.0
acknowledgement,acknowledgement,2,2,1.0
eloquence,eloquence,2,2,1.0
stage,stage,2,2,1.0
lowness,lowness,2,2,1.0
pocock,pocock,2,2,1.0
clock,clock,2,2,1.0
your,your,2,2,1.0
preparative,preparative,2,2,1.0
rent,rent,2,2,1.0
dormer,dormer,2,2,1.0
shouldest,shouldest,2,2,1.0
desperation,desperation,2,2,1.0
current,current,2,2,1.0
fountain,fountain,2,2,1.0
attorney,attorney,2,2,1.0
maxim,maxim,2,2,1.0
rose,rose,2,2,1.0
friendless,friendless,2,2,1.0
forwarder,forwarder,2,2,1.0
produce,produce,2,2,1.0
comfortings,comfortings,2,2,1.0
josias,josias,2,2,1.0
brookland,brookland,2,2,1.0
mirth,mirth,2,2,1.0
orator,orator,2,2,1.0
hoard,hoard,2,2,1.0
opera,opera,2,2,1.0
supreme,supreme,2,2,1.0
pi,pi,2,2,1.0
soldier,soldier,2,2,1.0
reference,reference,2,2,1.0
ache,ache,2,2,1.0
rencounter,rencounter,2,2,1.0
poison,poison,2,2,1.0
poniard,poniard,2,2,1.0
ascendant,ascendant,2,2,1.0
shew,shew,2,2,1.0
competitor,competitor,2,2,1.0
observer,observer,2,2,1.0
fal,fal,2,2,1.0
lal,lal,2,2,1.0
setting,setting,2,2,1.0
sneer,sneer,2,2,1.0
translator,translator,2,2,1.0
lovelacelet,lovelacelet,2,2,1.0
bench,bench,2,2,1.0
yea,yea,2,2,1.0
ajax,ajax,2,2,1.0
mixture,mixture,1,1,1.0
surprize,surprize,1,1,1.0
natural,natural,1,1,1.0
signing,signing,1,1,1.0
treaty,treaty,1,1,1.0
enow,enow,1,1,1.0
precipitation,precipitation,1,1,1.0
despight,despight,1,1,1.0
icicle,icicle,1,1,1.0
engrossment,engrossment,1,1,1.0
swell,swell,1,1,1.0
cavalcade,cavalcade,1,1,1.0
french,french,1,1,1.0
discourse,discourse,1,1,1.0
corrective,corrective,1,1,1.0
awe,awe,1,1,1.0
disaster,disaster,1,1,1.0
precaution,precaution,1,1,1.0
machinery,machinery,1,1,1.0
heaving,heaving,1,1,1.0
buz,buz,1,1,1.0
assemblage,assemblage,1,1,1.0
demonstration,demonstration,1,1,1.0
sobbing,sobbing,1,1,1.0
slumber,slumber,1,1,1.0
servitude,servitude,1,1,1.0
abhor,abhor,1,1,1.0
level,level,1,1,1.0
verdict,verdict,1,1,1.0
kow,kow,1,1,1.0
ance,ance,1,1,1.0
dii,dii,1,1,1.0
majores,majores,1,1,1.0
minores,minores,1,1,1.0
practise,practise,1,1,1.0
impute,impute,1,1,1.0
beforend,beforend,1,1,1.0
lark,lark,1,1,1.0
castle,castle,1,1,1.0
hendon,hendon,1,1,1.0
on,on,1,1,1.0
stocking,stocking,1,1,1.0
cane,cane,1,1,1.0
conclave,conclave,1,1,1.0
curtain,curtain,1,1,1.0
slut,slut,1,1,1.0
pledge,pledge,1,1,1.0
skeptic,skeptic,1,1,1.0
listners,listners,1,1,1.0
rawlinsmiss,rawlinsmiss,1,1,1.0
pat,pat,1,1,1.0
witch,witch,1,1,1.0
maidenhead,maidenhead,1,1,1.0
feat,feat,1,1,1.0
breech,breech,1,1,1.0
interception,interception,1,1,1.0
waltham,waltham,1,1,1.0
prevarication,prevarication,1,1,1.0
attitude,attitude,1,1,1.0
wantonness,wantonness,1,1,1.0
damp,damp,1,1,1.0
rainbow,rainbow,1,1,1.0
championess,championess,1,1,1.0
fearfulness,fearfulness,1,1,1.0
manager,manager,1,1,1.0
battle,battle,1,1,1.0
mortgagee,mortgagee,1,1,1.0
initial,initial,1,1,1.0
theirs,theirs,1,1,1.0
behoves,behoves,1,1,1.0
puppet,puppet,1,1,1.0
georgic,georgic,1,1,1.0
constraint,constraint,1,1,1.0
choke,choke,1,1,1.0
pear,pear,1,1,1.0
some,some,1,1,1.0
aggravation,aggravation,1,1,1.0
confess,confess,1,1,1.0
humourousness,humourousness,1,1,1.0
ascendancy,ascendancy,1,1,1.0
ruling,ruling,1,1,1.0
france,france,1,1,1.0
sarcasm,sarcasm,1,1,1.0
quickness,quickness,1,1,1.0
drayton,drayton,1,1,1.0
slighter,slighter,1,1,1.0
straw,straw,1,1,1.0
officiousness,officiousness,1,1,1.0
peculiars,peculiars,1,1,1.0
oaklings,oaklings,1,1,1.0
brilliancy,brilliancy,1,1,1.0
stupidity,stupidity,1,1,1.0
pertness,pertness,1,1,1.0
result,result,1,1,1.0
wandering,wandering,1,1,1.0
wig,wig,1,1,1.0
hoar,hoar,1,1,1.0
frost,frost,1,1,1.0
breaking,breaking,1,1,1.0
wavering,wavering,1,1,1.0
cavern,cavern,1,1,1.0
billow,billow,1,1,1.0
expatiating,expatiating,1,1,1.0
dash,dash,1,1,1.0
impediment,impediment,1,1,1.0
trifling,trifling,1,1,1.0
obstruction,obstruction,1,1,1.0
possibility,possibility,1,1,1.0
viper,viper,1,1,1.0
horseman,horseman,1,1,1.0
unworthiness,unworthiness,1,1,1.0
cunning,cunning,1,1,1.0
partition,partition,1,1,1.0
read,read,1,1,1.0
tyraness,tyraness,1,1,1.0
fanning,fanning,1,1,1.0
standing,standing,1,1,1.0
soliloquy,soliloquy,1,1,1.0
ettlements,ettlements,1,1,1.0
oppression,oppression,1,1,1.0
unacquaintedness,unacquaintedness,1,1,1.0
palliate,palliate,1,1,1.0
summer,summer,1,1,1.0
goblin,goblin,1,1,1.0
specter,specter,1,1,1.0
distressful,distressful,1,1,1.0
dh,dh,1,1,1.0
upwards,upwards,1,1,1.0
opposer,opposer,1,1,1.0
manifold,manifold,1,1,1.0
puling,puling,1,1,1.0
couldest,couldest,1,1,1.0
watching,watching,1,1,1.0
arduousness,arduousness,1,1,1.0
steadiness,steadiness,1,1,1.0
hardness,hardness,1,1,1.0
iron,iron,1,1,1.0
lovel,lovel,1,1,1.0
belike,belike,1,1,1.0
holiday,holiday,1,1,1.0
enterpriser,enterpriser,1,1,1.0
gipsey,gipsey,1,1,1.0
warehouse,warehouse,1,1,1.0
prostration,prostration,1,1,1.0
list,list,1,1,1.0
barbara,barbara,1,1,1.0
charmingly,charmingly,1,1,1.0
suspension,suspension,1,1,1.0
bespoken,bespoken,1,1,1.0
chorus,chorus,1,1,1.0
resource,resource,1,1,1.0
causeless,causeless,1,1,1.0
socrates,socrates,1,1,1.0
demise,demise,1,1,1.0
adulation,adulation,1,1,1.0
frankness,frankness,1,1,1.0
limb,limb,1,1,1.0
rustling,rustling,1,1,1.0
hysteric,hysteric,1,1,1.0
constable,constable,1,1,1.0
risques,risques,1,1,1.0
transport,transport,1,1,1.0
diamond,diamond,1,1,1.0
ring,ring,1,1,1.0
faintings,faintings,1,1,1.0
disclaimer,disclaimer,1,1,1.0
unchristian,unchristian,1,1,1.0
bo,bo,1,1,1.0
peep,peep,1,1,1.0
delirium,delirium,1,1,1.0
amiens,amiens,1,1,1.0
prisoner,prisoner,1,1,1.0
detainest,detainest,1,1,1.0
supplication,supplication,1,1,1.0
farce,farce,1,1,1.0
recital,recital,1,1,1.0
penknife,penknife,1,1,1.0
friday,friday,1,1,1.0
chain,chain,1,1,1.0
onwards,onwards,1,1,1.0
bony,bony,1,1,1.0
painter,painter,1,1,1.0
observest,observest,1,1,1.0
kennet,kennet,1,1,1.0
historian,historian,1,1,1.0
preservation,preservation,1,1,1.0
roomatise,roomatise,1,1,1.0
rachel,rachel,1,1,1.0
clark,clark,1,1,1.0
tommy,tommy,1,1,1.0
spurrier,spurrier,1,1,1.0
boddy,boddy,1,1,1.0
cum,cum,1,1,1.0
soe,soe,1,1,1.0
livelihood,livelihood,1,1,1.0
hartshorn,hartshorn,1,1,1.0
watch,watch,1,1,1.0
default,default,1,1,1.0
caution,caution,1,1,1.0
softening,softening,1,1,1.0
outside,outside,1,1,1.0
disloyalty,disloyalty,1,1,1.0
smithmr,smithmr,1,1,1.0
portugal,portugal,1,1,1.0
harlot,harlot,1,1,1.0
execution,execution,1,1,1.0
fraud,fraud,1,1,1.0
hoy,hoy,1,1,1.0
excursion,excursion,1,1,1.0
sermon,sermon,1,1,1.0
soil,soil,1,1,1.0
ratcliffe,ratcliffe,1,1,1.0
small,small,1,1,1.0
ravisher,ravisher,1,1,1.0
stand,stand,1,1,1.0
process,process,1,1,1.0
misbehaviour,misbehaviour,1,1,1.0
metaphor,metaphor,1,1,1.0
purport,purport,1,1,1.0
obligingly,obligingly,1,1,1.0
harasses,harasses,1,1,1.0
bluntness,bluntness,1,1,1.0
morality,morality,1,1,1.0
abuse,abuse,1,1,1.0
heat,heat,1,1,1.0
continuation,continuation,1,1,1.0
pavement,pavement,1,1,1.0
fist,fist,1,1,1.0
foresaid,foresaid,1,1,1.0
nunc,nunc,1,1,1.0
prece,prece,1,1,1.0
onversation,onversation,1,1,1.0
ine,ine,1,1,1.0
hatton,hatton,1,1,1.0
rejoicing,rejoicing,1,1,1.0
sigh,sigh,1,1,1.0
image,image,1,1,1.0
sculptor,sculptor,1,1,1.0
fat,fat,1,1,1.0
directing,directing,1,1,1.0
shelburne,shelburne,1,1,1.0
unconcernedness,unconcernedness,1,1,1.0
guide,guide,1,1,1.0
welby,welby,1,1,1.0
pedant,pedant,1,1,1.0
tart,tart,1,1,1.0
travel,travel,1,1,1.0
peasant,peasant,1,1,1.0
conclusion,conclusion,1,1,1.0
cover,cover,1,1,1.0
misty,misty,1,1,1.0
ing,ing,1,1,1.0
forward,forward,1,1,1.0
madness,madness,1,1,1.0
beggar,beggar,1,1,1.0
offspring,offspring,1,1,1.0
shriek,shriek,1,1,1.0
fram,fram,1,1,1.0
beholder,beholder,1,1,1.0
agony,agony,1,1,1.0
serveth,serveth,1,1,1.0
q,q,1,1,1.0
ngth,ngth,1,1,1.0
aughtiness,aughtiness,1,1,1.0
virgil,virgil,1,1,1.0
oor,oor,1,1,1.0
bough,bough,1,1,1.0
verlasting,verlasting,1,1,1.0
deus,deus,1,1,1.0
ignavos,ignavos,1,1,1.0
standeth,standeth,1,1,1.0
remaineth,remaineth,1,1,1.0
amiliarity,amiliarity,1,1,1.0
ord,ord,1,1,1.0
egantly,egantly,1,1,1.0
reprieve,reprieve,1,1,1.0
lightening,lightening,1,1,1.0
uld,uld,1,1,1.0
congealment,congealment,1,1,1.0
righthand,righthand,1,1,1.0
irreconcilableness,irreconcilableness,1,1,1.0
applauder,applauder,1,1,1.0
blame,blame,1,1,1.0
rhetorician,rhetorician,1,1,1.0
lewdness,lewdness,1,1,1.0
grimalkins,grimalkins,1,1,1.0
monarque,monarque,1,1,1.0
damnation,damnation,1,1,1.0
henrietta,henrietta,1,1,1.0
bedford,bedford,1,1,1.0
any,any,1,1,1.0
element,element,1,1,1.0
haggard,haggard,1,1,1.0
significance,significance,1,1,1.0
torture,torture,1,1,1.0
pestilence,pestilence,1,1,1.0
recoverest,recoverest,1,1,1.0
placation,placation,1,1,1.0
teaching,teaching,1,1,1.0
vestal,vestal,1,1,1.0
inch,inch,1,1,1.0
tenure,tenure,1,1,1.0
epsom,epsom,1,1,1.0
laughter,laughter,1,1,1.0
blackwell,blackwell,1,1,1.0
diet,diet,1,1,1.0
effrontery,effrontery,1,1,1.0
petitioner,petitioner,1,1,1.0
protestant,protestant,1,1,1.0
enthusiast,enthusiast,1,1,1.0
prepossess,prepossess,1,1,1.0
sewer,sewer,1,1,1.0
tarquin,tarquin,1,1,1.0
assembly,assembly,1,1,1.0
screw,screw,1,1,1.0
istress,istress,1,1,1.0
ren,ren,1,1,1.0
likest,likest,1,1,1.0
sanction,sanction,1,1,1.0
larissa,larissa,1,1,1.0
piccadilly,piccadilly,1,1,1.0
kensington,kensington,1,1,1.0
breviate,breviate,1,1,1.0
bohemia,bohemia,1,1,1.0
knightsbridge,knightsbridge,1,1,1.0
palsy,palsy,1,1,1.0
anon,anon,1,1,1.0
vault,vault,1,1,1.0
incident,incident,1,1,1.0
misconstruction,misconstruction,1,1,1.0
cord,cord,1,1,1.0
basis,basis,1,1,1.0
shoe,shoe,1,1,1.0
interpreter,interpreter,1,1,1.0
mane,mane,1,1,1.0
garon,garon,1,1,1.0
science,science,1,1,1.0
delusion,delusion,1,1,1.0
congress,congress,1,1,1.0
monitress,monitress,1,1,1.0
xxvii,xxvii,1,1,1.0
entreaty,entreaty,1,1,1.0
sunshine,sunshine,1,1,1.0
fuller,fuller,1,1,1.0
allinson,allinson,1,1,1.0
giver,giver,1,1,1.0
someone,someone,1,1,1.0
speaking,speaking,1,1,1.0
retributive,retributive,1,1,1.0
amendment,amendment,1,1,1.0
tenement,tenement,1,1,1.0
comrade,comrade,1,1,1.0
apostasy,apostasy,1,1,1.0
scoff,scoff,1,1,1.0
biddy,biddy,1,1,1.0
giant,giant,1,1,1.0
expiation,expiation,1,1,1.0
duke,duke,1,1,1.0
imperfection,imperfection,1,1,1.0
duration,duration,1,1,1.0
range,range,1,1,1.0
slattern,slattern,1,1,1.0
commandment,commandment,1,1,1.0
mishap,mishap,1,1,1.0
bullet,bullet,1,1,1.0
cit,cit,1,1,1.0
deception,deception,1,1,1.0
gay,gay,1,1,1.0
balaams,balaams,1,1,1.0
revelation,revelation,1,1,1.0
main,main,1,1,1.0
saviour,saviour,1,1,1.0
fillet,fillet,1,1,1.0
apollo,apollo,1,1,1.0
priest,priest,1,1,1.0
pantheus,pantheus,1,1,1.0
nec,nec,1,1,1.0
pantheu,pantheu,1,1,1.0
pieta,pieta,1,1,1.0
ac,ac,1,1,1.0
forte,forte,1,1,1.0
enrage,enrage,1,1,1.0
clytemnestra,clytemnestra,1,1,1.0
murmur,murmur,1,1,1.0
th,th,1,1,1.0
disposer,disposer,1,1,1.0
childhood,childhood,1,1,1.0
milk,milk,1,1,1.0
artifice,artifice,1,1,1.0
yielding,yielding,1,1,1.0
turning,turning,1,1,1.0
cost,cost,1,1,1.0
repenters,repenters,1,1,1.0
gait,gait,1,1,1.0
conshence,conshence,1,1,1.0
grate,grate,1,1,1.0
cheerfulness,cheerfulness,1,1,1.0
inferiority,inferiority,1,1,1.0
lily,lily,1,1,1.0
snow,snow,1,1,1.0
ribband,ribband,1,1,1.0
adorer,adorer,1,1,1.0
laugh,laugh,1,1,1.0
rememberest,rememberest,1,1,1.0
husbandman,husbandman,1,1,1.0
finch,finch,1,1,1.0
bustlings,bustlings,1,1,1.0
chaplain,chaplain,1,1,1.0
standard,standard,1,1,1.0
bashfulness,bashfulness,1,1,1.0
lee,lee,1,1,1.0
madman,madman,1,1,1.0
forbearing,forbearing,1,1,1.0
interlardment,interlardment,1,1,1.0
shun,shun,1,1,1.0
bickering,bickering,1,1,1.0
employer,employer,1,1,1.0
schemer,schemer,1,1,1.0
tiresias,tiresias,1,1,1.0
slyest,slyest,1,1,1.0
duel,duel,1,1,1.0
effusion,effusion,1,1,1.0
artery,artery,1,1,1.0
canon,canon,1,1,1.0
entrance,entrance,1,1,1.0
superfluity,superfluity,1,1,1.0
expostulate,expostulate,1,1,1.0
disreputation,disreputation,1,1,1.0
hawk,hawk,1,1,1.0
superciliousness,superciliousness,1,1,1.0
conveniencies,conveniencies,1,1,1.0
streight,streight,1,1,1.0
display,display,1,1,1.0
trifler,trifler,1,1,1.0
batirton,batirton,1,1,1.0
frends,frends,1,1,1.0
agen,agen,1,1,1.0
gentilfolkes,gentilfolkes,1,1,1.0
sarvante,sarvante,1,1,1.0
sowe,sowe,1,1,1.0
underling,underling,1,1,1.0
two,two,1,1,1.0
ancestry,ancestry,1,1,1.0
courtesy,courtesy,1,1,1.0
bearing,bearing,1,1,1.0
thunder,thunder,1,1,1.0
bug,bug,1,1,1.0
transgression,transgression,1,1,1.0
endearment,endearment,1,1,1.0
removal,removal,1,1,1.0
gayety,gayety,1,1,1.0
diggs,diggs,1,1,1.0
inspection,inspection,1,1,1.0
simplicity,simplicity,1,1,1.0
blighting,blighting,1,1,1.0
uncourtliness,uncourtliness,1,1,1.0
amblings,amblings,1,1,1.0
prime,prime,1,1,1.0
never,never,1,1,1.0
plotter,plotter,1,1,1.0
thread,thread,1,1,1.0
independency,independency,1,1,1.0
menial,menial,1,1,1.0
aggrandizement,aggrandizement,1,1,1.0
deliberation,deliberation,1,1,1.0
bend,bend,1,1,1.0
unbidden,unbidden,1,1,1.0
sternness,sternness,1,1,1.0
magistracy,magistracy,1,1,1.0
defiance,defiance,1,1,1.0
plan,plan,1,1,1.0
correspondencies,correspondencies,1,1,1.0
assent,assent,1,1,1.0
wage,wage,1,1,1.0
knolly,knolly,1,1,1.0
sportsman,sportsman,1,1,1.0
badness,badness,1,1,1.0
y,y,1,1,1.0
flattery,flattery,1,1,1.0
avowal,avowal,1,1,1.0
divinity,divinity,1,1,1.0
contemporary,contemporary,1,1,1.0
fighting,fighting,1,1,1.0
leader,leader,1,1,1.0
hostility,hostility,1,1,1.0
deposit,deposit,1,1,1.0
obscurity,obscurity,1,1,1.0
holy,holy,1,1,1.0
writ,writ,1,1,1.0
dunmow,dunmow,1,1,1.0
flitch,flitch,1,1,1.0
wicker,wicker,1,1,1.0
ingratitude,ingratitude,1,1,1.0
reproof,reproof,1,1,1.0
misogynist,misogynist,1,1,1.0
hopelessness,hopelessness,1,1,1.0
forsooth,forsooth,1,1,1.0
unsisterliness,unsisterliness,1,1,1.0
indication,indication,1,1,1.0
punctilious,punctilious,1,1,1.0
complimenters,complimenters,1,1,1.0
scipio,scipio,1,1,1.0
sweet,sweet,1,1,1.0
rout,rout,1,1,1.0
darkness,darkness,1,1,1.0
allegiance,allegiance,1,1,1.0
merchant,merchant,1,1,1.0
nathan,nathan,1,1,1.0
prophet,prophet,1,1,1.0
ranting,ranting,1,1,1.0
maturest,maturest,1,1,1.0
retirement,retirement,1,1,1.0
flash,flash,1,1,1.0
lightning,lightning,1,1,1.0
disobligation,disobligation,1,1,1.0
j,j,1,1,1.0
simile,simile,1,1,1.0
catsticks,catsticks,1,1,1.0
egad,egad,1,1,1.0
correspondest,correspondest,1,1,1.0
gold,gold,1,1,1.0
song,song,1,1,1.0
annunciation,annunciation,1,1,1.0
compromise,compromise,1,1,1.0
reperusal,reperusal,1,1,1.0
blast,blast,1,1,1.0
chiding,chiding,1,1,1.0
naughty,naughty,1,1,1.0
conceit,conceit,1,1,1.0
straight,straight,1,1,1.0
planter,planter,1,1,1.0
bush,bush,1,1,1.0
brush,brush,1,1,1.0
doat,doat,1,1,1.0
equivalent,equivalent,1,1,1.0
equality,equality,1,1,1.0
mentionest,mentionest,1,1,1.0
ancestor,ancestor,1,1,1.0
meal,meal,1,1,1.0
practisings,practisings,1,1,1.0
why,why,1,1,1.0
creed,creed,1,1,1.0
trim,trim,1,1,1.0
rant,rant,1,1,1.0
reed,reed,1,1,1.0
rouge,rouge,1,1,1.0
deportment,deportment,1,1,1.0
babyhood,babyhood,1,1,1.0
wreck,wreck,1,1,1.0
bottom,bottom,1,1,1.0
sip,sip,1,1,1.0
beech,beech,1,1,1.0
invocation,invocation,1,1,1.0
mismatch,mismatch,1,1,1.0
charlot,charlot,1,1,1.0
empson,empson,1,1,1.0
estimation,estimation,1,1,1.0
waller,waller,1,1,1.0
vassal,vassal,1,1,1.0
rap,rap,1,1,1.0
score,score,1,1,1.0
plaintiff,plaintiff,1,1,1.0
malefactor,malefactor,1,1,1.0
pendent,pendent,1,1,1.0
assault,assault,1,1,1.0
achilles,achilles,1,1,1.0
threat,threat,1,1,1.0
acre,acre,1,1,1.0
gin,gin,1,1,1.0
gaoleress,gaoleress,1,1,1.0
countryman,countryman,1,1,1.0
